，,34785
？,24417
的,22667
么,10511
一,10480
国,9688
！,9562
是,9110
0,8542
人,8489
不,8479
有,8082
大,7945
：,7687
了,7581
 ,7387
中,6713
1,6651
为,6452
什,6259
上,5675
在,5565
“,5560
”,5539
你,5347
这,5303
个,5205
2,4884
年,4669
美,4495
如,4394
能,4149
会,4116
最,4059
怎,3947
何,3935
吗,3929
生,3868
出,3839
家,3833
车,3825
5,3738
看,3713
来,3697
新,3627
子,3447
下,3437
到,3429
联,3428
多,3315
机,3312
小,3247
后,3244
发,3180
学,3139
对,3121
好,3087
要,3079
8,3036
成,3033
业,2950
行,2927
地,2926
高,2882
都,2852
还,2834
哪,2804
手,2798
我,2796
开,2776
和,2694
日,2661
动,2644
3,2633
万,2589
用,2541
战,2463
天,2456
现,2455
时,2417
样,2408
全,2361
市,2333
被,2317
可,2302
里,2278
些,2213
以,2209
公,2147
《,2140
》,2139
三,2116
价,2086
房,2073
4,2070
本,2047
游,2042
场,2034
女,2030
将,2005
老,1990
就,1990
过,1963
世,1959
没,1952
比,1947
网,1929
第,1913
事,1884
自,1872
6,1867
打,1862
、,1844
军,1826
力,1820
特,1812
说,1796
之,1779
月,1768
斯,1756
得,1735
去,1719
马,1717
方,1714
山,1703
果,1701
产,1699
金,1689
真,1688
电,1687
9,1679
分,1668
西,1656
合,1649
心,1647
界,1645
长,1618
名,1615
赛,1615
想,1611
海,1592
买,1587
们,1584
7,1580
东,1577
前,1574
利,1563
区,1562
友,1559
球,1549
作,1536
他,1534
点,1483
实,1469
经,1469
—,1458
工,1456
元,1454
重,1453
资,1448
村,1447
农,1446
道,1443
无,1434
王,1423
南,1421
A,1404
钱,1400
十,1397
城,1391
进,1387
文,1352
主,1341
让,1336
与,1335
法,1331
入,1325
度,1323
意,1319
回,1318
面,1308
者,1305
明,1301
起,1301
安,1294
做,1291
少,1270
加,1261
活,1249
强,1244
S,1224
亿,1220
.,1219
民,1193
外,1191
教,1186
品,1184
代,1181
P,1174
种,1167
信,1164
二,1163
知,1161
理,1158
情,1158
解,1157
化,1148
水,1130
体,1129
股,1127
次,1125
首,1123
风,1123
花,1121
北,1121
很,1119
只,1117
超,1112
于,1110
头,1110
华,1110
今,1110
却,1108
o,1106
e,1095
给,1094
级,1089
技,1084
别,1081
路,1081
创,1080
展,1072
更,1072
身,1071
再,1068
当,1068
定,1062
a,1061
两,1060
四,1057
部,1057
队,1055
平,1054
关,1047
罗,1040
那,1040
英,1038
原,1038
G,1030
宝,1027
值,1026
位,1023
收,1022
五,1021
京,1020
神,1019
影,1017
色,1015
谁,1014
i,1011
越,999
州,998
也,996
火,993
选,991
建,988
才,984
太,984
投,983
正,981
朗,978
亚,974
底,971
造,967
克,967
相,960
俄,956
布,955
内,954
星,952
爱,948
师,946
司,946
空,943
数,941
C,938
又,935
科,930
张,929
同,928
保,928
伊,927
走,925
红,923
应,922
普,917
商,913
云,911
总,911
款,906
米,902
士,896
戏,894
门,894
变,891
儿,889
间,888
龙,883
直,882
该,880
几,877
格,876
考,871
线,871
通,866
然,865
光,859
旅,859
期,852
口,851
男,849
岁,845
交,842
式,834
尔,832
玩,832
单,824
拉,821
巴,821
制,820
物,819
决,818
台,817
N,814
报,812
因,810
O,808
把,804
术,804
从,803
待,800
德,800
已,799
员,797
千,785
达,785
推,784
快,781
气,780
周,780
吃,776
器,771
量,768
系,768
I,767
带,765
传,765
目,764
武,764
难,763
话,763
装,762
古,758
放,757
…,756
着,755
求,747
未,744
飞,738
卡,735
汽,730
n,727
提,727
百,726
孩,725
亲,723
「,720
」,720
演,720
击,719
绝,719
流,718
办,717
T,717
牌,717
结,716
景,709
性,706
统,706
校,703
M,702
服,701
母,697
节,693
专,692
死,692
江,687
呢,683
件,682
见,681
计,673
白,672
列,671
-,670
接,665
L,662
而,661
基,660
深,660
微,660
评,658
乐,657
导,655
黄,655
程,653
B,651
视,651
落,650
费,650
务,649
升,648
称,648
领,647
油,645
青,642
片,641
连,641
币,640
书,638
感,638
局,637
照,635
）,634
富,633
季,632
（,630
｜,630
完,629
她,626
票,624
育,624
其,622
字,621
排,620
记,619
功,619
F,619
议,615
智,615
受,613
号,613
集,611
所,607
告,606
D,606
认,606
清,604
r,603
V,603
卖,600
客,600
表,599
荣,599
持,599
园,598
s,596
问,589
离,589
型,588
近,587
t,587
养,586
企,585
支,583
图,583
退,583
速,582
运,580
己,575
势,571
招,569
题,568
李,567
争,565
户,563
广,562
林,561
住,561
备,560
婚,560
奇,559
块,558
售,558
印,557
团,554
亮,553
设,550
兵,548
思,547
向,545
改,543
博,542
弹,542
爆,541
需,541
举,540
算,540
版,538
E,538
笑,537
黑,536
阿,535
标,535
热,534
响,533
R,533
获,531
冠,531
杀,530
核,529
福,529
销,529
拿,528
土,528
破,527
准,526
否,526
阳,526
竟,525
故,524
复,523
反,523
盘,522
历,521
易,520
转,519
l,519
豪,517
川,517
调,517
涨,515
史,514
立,513
欢,513
喜,512
失,512
p,512
航,511
观,509
常,508
终,506
雄,505
遇,505
或,504
每,503
店,503
春,498
等,496
害,495
众,495
消,495
助,495
耀,495
低,494
存,489
腾,488
省,486
项,486
试,485
证,483
增,483
任,482
步,482
精,480
梦,479
营,479
驾,479
音,478
语,477
链,473
银,473
融,472
政,470
韩,467
际,467
请,466
泰,465
续,465
石,463
注,462
济,462
兰,461
条,459
跑,459
指,458
配,454
此,453
货,453
艺,450
胜,450
院,450
句,449
盟,448
拍,447
差,446
河,445
藏,445
权,444
优,444
双,443
处,442
命,442
约,442
宁,439
岛,439
妈,438
讯,438
管,437
半,437
满,437
模,435
即,435
非,434
威,434
远,434
滴,434
送,433
U,433
质,431
足,428
剧,427
先,426
画,425
源,425
但,425
读,424
播,423
防,423
引,422
限,421
洲,421
研,418
取,417
%,417
协,416
觉,416
言,415
付,414
启,414
职,414
楼,413
乡,412
刘,411
夫,409
听,407
险,407
规,406
县,406
斗,406
欧,405
震,403
必,403
边,403
使,403
预,399
购,399
适,398
验,397
歌,396
象,396
容,394
贵,394
套,394
停,393
遭,393
论,391
汉,389
夜,389
眼,387
居,385
像,385
穿,385
铁,385
秘,384
枪,384
及,384
干,384
始,383
赚,381
错,381
湖,381
各,379
望,379
香,378
板,377
六,376
它,376
独,375
择,375
声,373
K,373
降,372
座,372
组,372
留,372
财,372
份,371
警,371
享,370
态,369
突,368
鸡,368
刚,368
惊,367
宣,367
案,366
示,366
识,365
迪,364
习,363
率,362
致,362
苏,362
至,361
息,360
X,359
野,359
类,358
·,358
d,357
丽,356
夏,356
共,356
包,355
写,355
叙,355
练,354
霸,354
社,354
c,353
整,353
姆,352
背,352
哈,351
牛,351
庆,351
初,351
巨,351
镇,350
密,349
轻,348
换,348
诗,348
轮,347
八,346
迎,346
曾,346
姐,346
榜,345
仅,344
愿,343
吧,342
圈,342
席,341
靠,341
酒,341
登,340
港,340
假,339
田,339
义,339
究,338
杨,338
哥,338
届,337
秀,336
冰,336
站,335
候,332
临,332
+,330
久,330
h,330
敢,329
跟,326
沙,326
参,326
迷,325
奥,325
贷,325
官,325
略,325
父,324
猪,323
幕,323
b,321
较,321
录,321
七,319
极,319
跌,319
雨,318
角,317
皇,313
额,313
划,312
婆,310
波,310
败,309
倒,309
互,307
媒,307
礼,307
典,307
纪,307
念,305
余,305
并,305
班,304
u,302
境,301
袭,301
输,301
攻,300
找,300
骑,299
松,298
测,298
免,298
确,297
曝,297
继,293
激,292
箭,292
便,290
纳,288
签,288
奖,288
炸,287
叫,287
坦,287
据,286
彩,286
鱼,286
虎,286
修,285
料,285
范,285
怕,285
m,285
暴,284
兴,284
课,282
控,282
脸,281
狂,279
早,279
雷,278
具,278
尼,278
除,278
荐,277
伤,276
倍,274
茶,273
翻,272
断,272
析,272
维,271
医,270
玉,269
v,267
赢,266
租,266
护,266
简,265
抢,265
查,265
救,265
杯,264
街,264
止,262
药,262
詹,262
形,262
府,261
菜,261
妻,260
训,260
食,260
顶,260
补,260
挑,260
丝,259
钟,257
勇,257
置,257
。,256
W,256
健,255
菲,254
温,253
答,253
绿,253
峰,252
血,252
根,252
令,252
环,251
谈,251
帅,251
朋,250
帮,249
粉,246
闻,246
竞,245
赵,245
承,245
零,245
肉,244
弃,244
苹,244
群,243
掉,243
厉,242
y,241
裁,240
露,240
益,240
随,238
批,237
g,237
树,237
族,236
弟,236
冲,236
归,236
短,236
舰,235
软,235
永,235
积,235
治,234
晚,234
效,233
架,233
志,233
由,232
Q,232
压,232
馆,232
况,232
频,230
九,229
吉,229
怒,228
盛,228
讲,228
皮,228
薪,227
域,227
凯,225
陆,225
衣,224
许,224
施,224
舞,223
孙,223
唱,223
辆,222
紧,222
卫,222
希,221
段,220
k,220
征,220
乒,218
夺,218
汶,217
诉,217
奔,216
脑,215
妹,215
封,214
惠,214
依,213
萨,213
陈,213
笔,212
射,212
恒,212
够,212
禁,212
丰,210
宜,210
冷,210
恩,209
隐,209
颜,208
仙,208
梅,208
娘,208
懂,208
借,207
H,206
堂,206
坚,206
往,206
贫,206
刺,205
阵,205
采,205
策,205
鲁,205
帝,204
",",204
危,204
康,204
穷,204
坐,204
草,203
朝,202
库,202
/,202
味,202
猛,201
属,201
托,201
瑞,201
啥,201
绩,201
狗,200
访,200
操,198
探,197
谢,197
杰,196
佳,196
牙,196
雪,195
章,195
丨,195
乌,194
伙,193
显,193
病,192
饭,192
蒙,192
惨,192
泪,192
厂,192
充,192
追,191
谷,191
哭,191
围,191
负,191
嫁,191
庄,190
圳,190
揭,190
材,190
亡,190
顺,188
幸,188
聚,188
秒,188
怀,188
培,187
怪,187
急,187
摩,187
毁,187
旧,187
途,186
敌,185
码,185
构,185
拥,183
守,183
镜,182
申,181
赞,181
载,181
蓝,180
毕,180
漫,180
:,178
供,177
监,176
挂,176
状,175
妇,175
毛,175
抗,175
晓,174
珠,174
雅,174
淘,174
切,174
莫,174
减,173
郑,173
严,173
猫,172
晒,172
啦,172
判,171
层,171
恐,171
赏,171
亏,171
齐,171
混,170
胎,170
休,169
灵,169
诺,169
浪,168
嘉,168
啊,168
拒,168
异,167
魔,167
占,167
索,167
餐,167
轰,167
络,166
旗,166
均,166
词,166
爸,166
洋,166
稳,165
遗,165
室,165
则,164
尽,164
唐,164
跳,164
童,164
曲,164
贝,163
细,163
佛,163
仍,163
剑,162
灭,162
距,162
似,162
良,161
漂,161
介,160
刻,160
移,160
鲜,160
若,159
池,159
伦,158
阅,158
键,158
森,158
娜,157
锋,157
盖,157
伟,157
木,157
f,157
税,156
巧,156
散,156
宫,156
横,156
唯,155
疑,155
净,155
甲,155
丹,155
呼,155
炉,154
澳,154
央,153
Z,153
搞,153
误,153
恋,153
驶,152
吴,152
爷,152
素,152
炒,151
莱,150
耳,150
般,150
疯,149
梁,149
奶,149
拟,149
尚,149
庭,149
痛,148
宅,148
润,148
乱,147
拼,147
潮,146
吸,146
坏,146
某,145
纸,145
赔,144
律,144
宾,144
察,144
湾,144
刀,143
概,143
曼,143
骗,142
甜,142
屏,142
贴,142
肥,141
损,141
端,141
篮,141
丁,141
芯,141
塔,141
纯,141
静,140
硬,140
债,140
忘,140
搭,139
缺,139
腿,139
扫,139
扎,139
船,139
苦,139
困,138
附,138
右,138
沃,138
；,138
灯,137
艳,137
津,137
俗,137
赶,137
透,136
左,136
抓,136
烟,136
悔,135
派,135
驰,134
偷,134
犯,134
挡,134
杭,134
脚,134
桃,134
须,133
序,133
汇,133
荒,133
脱,132
刷,132
圆,132
仇,131
桥,131
暖,131
x,131
杜,130
潜,130
纷,130
慧,129
麦,129
炮,129
筑,129
忆,129
欲,129
挖,129
洛,128
董,128
欣,128
您,127
善,127
胡,127
屋,127
延,126
革,126
顾,126
编,126
堪,126
综,126
钢,126
逼,126
泉,125
叶,125
寻,125
逃,125
担,125
坑,125
鞋,125
徐,124
责,124
驻,124
朱,124
宇,124
鹿,124
毒,124
缘,124
沉,123
贸,123
拳,123
尾,123
私,122
召,122
跨,122
棋,121
兽,121
鬼,121
逆,120
罚,120
掌,120
麻,120
颖,120
骂,120
避,120
幻,119
检,119
驱,119
圣,118
醒,118
估,118
邀,118
蛋,118
抱,117
抖,117
执,116
祖,116
览,116
洗,116
委,116
闭,115
摄,115
植,115
劳,115
释,115
柳,115
烧,114
乔,114
豆,114
暗,114
幅,113
趣,113
例,113
晨,113
丢,113
废,113
讨,113
役,113
龄,113
仪,112
兄,111
戴,111
w,111
盈,111
疆,111
晋,111
按,110
俊,110
忍,110
默,110
洞,110
篇,110
献,110
娱,110
敬,110
娃,109
侠,109
贾,109
援,109
锦,109
携,109
振,109
勒,108
秋,108
违,108
悟,108
档,108
徽,107
订,107
织,107
扬,107
郎,107
郭,107
昌,106
辈,106
瞬,106
祝,106
握,106
摔,105
娶,105
佩,105
末,105
扶,105
丑,105
凉,104
谱,104
浙,104
箱,104
恶,103
塞,103
著,102
焦,102
羊,102
乘,102
墨,101
束,101
锁,101
闹,101
傻,101
坛,101
抵,100
矿,99
秦,99
闲,99
鸟,99
插,99
偶,98
侵,98
尬,98
姑,98
斤,98
烈,98
喝,98
珍,97
宋,97
媳,97
残,97
悲,96
账,96
闪,96
聘,96
替,96
授,96
弱,96
~,96
君,96
孤,96
虚,96
宿,95
叔,95
遍,95
隔,95
孕,95
幼,95
沈,95
且,94
吹,94
睡,94
触,94
诚,94
迹,94
骨,94
返,94
撞,94
迁,94
扩,94
伯,94
瓜,94
灾,94
滑,93
隆,93
券,92
顿,92
紫,92
戛,92
磅,92
撤,92
耗,92
拜,92
逐,92
卷,91
烂,91
裙,91
芳,91
酷,91
折,91
乎,91
J,91
肤,90
仓,90
锅,90
岩,89
枚,89
"""",89
奋,89
甘,89
忙,89
昆,89
苗,89
伴,89
妙,89
聊,89
淡,89
泽,88
偿,88
亩,88
舟,88
肯,88
累,87
拆,87
凭,87
狠,87
丈,87
趋,87
z,87
酸,86
含,86
挺,86
赴,86
妖,86
桂,86
凤,86
尴,85
饮,85
阶,85
午,85
跃,85
霍,85
巅,85
汗,84
醉,84
陪,84
燃,83
熟,83
册,83
熊,82
楚,82
筹,82
狼,82
努,82
尖,82
陕,82
弗,82
阴,82
晶,82
捷,82
Y,82
瓦,81
励,81
岳,81
惜,81
寨,81
泡,80
宗,80
映,80
葩,80
鉴,80
彻,80
佬,79
诞,79
辉,79
疼,79
迈,79
偏,79
喷,79
魂,79
虫,79
韦,78
吓,78
尸,78
窗,78
抛,78
储,78
樱,78
怼,78
碰,78
浮,78
?,78
审,77
凌,77
阻,77
寿,77
徒,77
卓,77
剩,77
聪,77
撒,77
厦,77
玛,77
坡,77
嫌,77
尊,77
吐,77
崩,76
滨,76
埃,76
陷,76
副,76
党,75
舒,75
吨,75
悬,75
撼,75
仁,75
(,75
姓,75
怖,75
爽,75
摇,75
宠,74
汤,74
雕,74
添,74
岗,74
另,74
忧,74
踢,73
衡,73
墅,72
蜜,72
狱,72
卢,72
慢,72
墙,72
摘,72
浩,72
魅,72
摆,71
慕,71
饰,71
忽,71
绍,71
虐,71
拖,71
疗,71
凡,71
墓,71
辽,71
舍,71
肩,71
迟,70
辑,70
纽,70
障,70
毯,70
覆,70
虑,70
蒂,70
铺,70
暂,70
洪,70
奈,70
),70
赫,70
嘴,69
撑,69
爵,69
萌,69
飙,69
罪,69
畅,69
轿,69
竹,69
荷,69
!,68
宏,68
壁,68
盗,68
措,68
鸣,68
鼓,68
述,68
递,68
挥,67
截,67
抽,67
冯,67
潘,67
婷,67
扣,67
梯,67
鹏,67
详,67
汰,67
滩,67
瓶,67
沟,67
渐,67
辛,67
姿,66
阁,66
艘,66
耐,66
胁,66
井,66
歼,66
劲,66
幂,66
灰,66
巡,66
惹,66
猜,66
籍,65
桌,65
艾,65
碎,65
咖,65
歉,65
粮,65
繁,65
割,65
谋,65
宽,64
貌,64
针,64
掀,64
邓,64
韵,64
乓,63
忠,63
茨,63
恨,63
伍,63
坠,63
燕,63
傲,63
署,63
坊,63
碧,63
丧,63
症,62
寓,62
虾,62
厕,62
砸,62
抄,62
捡,62
孔,62
溪,62
陵,61
促,61
宴,61
妆,61
纹,61
亭,61
雀,61
辣,61
殖,61
槽,61
祸,60
羡,60
床,60
晗,60
莎,60
鹰,60
贡,60
漠,60
戒,60
狙,59
罕,59
蛙,59
肃,59
欠,59
募,59
挣,59
搬,59
凶,59
涉,59
冬,58
赌,58
裂,58
碑,58
誉,58
壮,58
荡,58
猎,58
轨,58
旦,58
辅,57
鸿,57
桑,57
妃,57
匠,57
喊,57
倾,57
袋,57
柴,57
腰,57
芝,57
艇,57
衰,57
患,56
霞,56
葬,56
戈,56
伏,56
慈,56
弄,56
碗,56
辞,56
稀,56
塘,56
堡,56
吊,56
棒,56
寺,56
赋,55
翁,55
悠,55
踩,55
缩,55
岸,55
昨,55
烦,55
冒,55
邦,55
缅,54
垃,54
圾,54
侣,54
糖,54
蔡,54
虽,54
屠,54
扔,54
诀,54
牵,54
搜,54
踏,54
溃,53
姚,53
洁,53
捐,53
塑,53
辱,53
胆,53
炫,53
捧,53
辰,53
寒,53
姻,53
柏,52
杂,52
孟,52
牡,52
逊,52
飘,52
厨,52
耕,52
袁,51
昕,51
固,51
械,51
雯,51
译,51
峡,51
猴,51
剪,51
硕,51
惯,51
蜂,51
胖,51
俩,50
兼,50
忌,50
御,50
迫,50
奏,50
坤,50
炼,50
咋,50
愧,50
谜,50
叹,50
勤,50
弯,50
崛,50
庙,50
蚁,50
迅,50
q,50
鼠,50
扮,49
渡,49
磊,49
撕,49
黎,49
踪,49
蛇,49
仗,49
悄,49
莲,49
莉,48
庸,48
绘,48
拦,48
铜,48
殊,48
亦,48
贤,48
逸,48
扑,48
既,48
尝,48
钓,47
赠,47
颗,47
尘,47
愁,47
裤,47
枝,47
吞,47
霆,47
弦,47
巢,47
伪,47
刹,47
询,46
催,46
孝,46
睛,46
扰,46
悍,46
朴,46
邮,46
径,46
押,46
旁,46
甸,45
蕾,45
瑜,45
番,45
厚,45
钻,45
旺,45
蚂,45
拯,45
嘲,45
蒜,45
欺,44
涛,44
堵,44
涂,44
础,44
拓,44
娇,44
稻,44
锡,44
涯,44
煌,44
删,44
捕,44
粤,44
雾,44
仿,44
锤,43
靖,43
敲,43
咬,43
邻,43
奢,43
逾,43
挽,43
瘦,43
菱,43
氏,43
琴,43
彤,43
伞,43
犹,43
垫,43
砍,43
祥,43
棚,43
盾,42
骏,42
拔,42
牧,42
纵,42
染,42
旭,42
悦,42
厅,42
砖,42
允,42
帽,42
栽,42
癌,42
廷,42
仔,42
磨,42
恢,42
凰,42
泥,42
谣,41
夷,41
滞,41
尤,41
曹,41
蒋,41
锐,41
糕,41
摊,41
眉,41
蔬,41
卧,41
绕,41
豹,41
缴,41
莞,40
臣,40
煤,40
揽,40
闯,40
甄,40
毫,40
浅,40
羽,40
呀,40
躺,40
烤,40
琪,40
骁,40
僵,39
毅,39
赖,39
嫂,39
削,39
符,39
茅,39
懒,39
盒,39
翼,39
脏,39
浦,39
浓,39
逝,39
暨,39
肌,39
羞,38
撩,38
绑,38
蓄,38
犬,38
吕,38
骄,38
跪,38
屈,38
诸,38
敦,38
&,38
栋,38
址,38
漏,38
颠,38
爬,38
芒,38
泳,38
沪,37
闺,37
惧,37
甚,37
屡,37
尺,37
遥,37
匹,37
郁,37
垂,37
铭,37
瑶,37
玲,37
蒸,37
俱,37
铃,37
慌,37
幽,37
叛,37
岭,37
卿,36
敏,36
陶,36
斩,36
湘,36
祭,36
爹,36
沂,36
廉,36
厌,36
埔,36
旬,36
傅,36
壳,36
渔,36
朵,36
堆,36
耶,36
怡,36
扛,36
夕,36
熙,36
蓉,35
贼,35
昂,35
逗,35
泛,35
唤,35
帕,35
杆,35
裸,35
碾,35
挤,35
斥,35
旋,35
遮,34
鼻,34
予,34
填,34
凝,34
盔,34
虹,34
饿,34
穆,34
兹,34
薇,34
狮,34
呗,34
辨,34
棍,34
疾,34
翔,34
鹅,34
棵,34
帆,34
夸,34
灿,34
谍,33
贺,33
胶,33
披,33
琳,33
晖,33
纱,33
驴,33
尿,33
璃,33
滚,33
摸,33
j,33
框,33
惑,32
妮,32
咸,32
牢,32
哲,32
兑,32
寸,32
嗨,32
侧,32
骚,32
哦,32
憾,32
鼎,32
玻,32
肚,32
掘,32
呆,32
泊,32
暑,32
胞,32
缓,32
仰,31
龟,31
逻,31
赁,31
轴,31
刑,31
摧,31
瓷,31
埋,31
衔,31
馨,31
脉,31
艰,31
僧,31
婴,31
鸭,31
誓,31
膜,31
窝,31
屁,31
湿,31
檬,31
臂,31
腐,31
姨,31
崔,31
串,31
呈,31
囊,31
乃,31
嫣,31
翰,31
雇,31
鹈,31
鹕,31
梨,30
沫,30
牲,30
舌,30
乾,30
嫩,30
汪,30
芽,30
矛,30
蝶,30
麟,30
吟,30
丞,30
杉,30
魏,30
钥,30
怨,30
柜,30
柔,29
鹤,29
擦,29
裔,29
兔,29
柯,29
牺,29
谓,29
柬,29
剂,29
盆,29
潭,29
葱,29
昔,29
粹,29
彭,29
栏,29
玺,29
沸,29
饱,29
啡,29
盲,29
讽,29
豫,29
寄,29
黛,28
恼,28
刮,28
绵,28
庞,28
逢,28
歧,28
耍,28
嘛,28
崇,28
赤,28
绎,28
液,28
椅,28
侃,28
滥,28
懵,28
彰,28
玄,28
韭,28
渠,28
悉,28
盐,28
匙,28
轩,28
眠,27
疏,27
诱,27
瑰,27
捞,27
霖,27
扇,27
赐,27
苍,27
勃,27
页,27
甩,27
抑,27
侯,27
戚,27
渣,27
睐,27
泄,27
茂,27
钧,27
叉,27
坟,27
趁,27
腹,27
纲,27
肖,27
靓,27
妥,27
榴,27
狐,26
珊,26
仑,26
抹,26
污,26
坝,26
腊,26
瞻,26
坎,26
酿,26
沿,26
描,26
愤,26
蹭,26
薛,26
阔,26
璐,26
帖,26
躲,26
窍,26
辟,26
霉,26
涌,26
荔,26
琦,26
括,26
哒,26
袖,26
逛,26
酬,26
冤,25
’,25
瞎,25
韬,25
扒,25
奉,25
劫,25
钉,25
葛,25
氢,25
垒,25
棺,25
慎,25
纠,25
淮,25
愈,25
柱,25
壶,25
厘,25
饼,25
拐,25
宰,25
瘫,24
倚,24
楷,24
㎡,24
棉,24
薄,24
侦,24
宙,24
凑,24
耻,24
槿,24
炭,24
锂,24
攀,24
谭,24
萍,24
涅,24
株,24
夹,24
掩,24
绪,24
勿,24
丘,24
糊,24
枇,24
杷,24
弊,24
晕,24
寂,23
玫,23
淄,23
浴,23
雍,23
筋,23
瑟,23
乳,23
',23
缸,23
蛮,23
矩,23
扭,23
澜,23
瞄,23
皆,23
胸,23
浒,23
翠,23
咱,23
祺,23
葡,23
萄,23
函,22
芦,22
搅,22
稿,22
鸦,22
饲,22
姗,22
镖,22
辩,22
坞,22
嬛,22
蚊,22
杏,22
谊,22
芬,22
=,22
鲨,22
潇,22
钞,22
缠,22
磁,22
绽,22
钦,22
卸,22
洱,22
冻,22
炅,22
廊,22
碳,22
绸,22
阱,22
洒,22
囚,21
丸,21
渭,21
‘,21
枯,21
垮,21
#,21
遵,21
蹈,21
臭,21
吻,21
绣,21
循,21
舆,21
烊,21
橙,21
恺,21
勋,21
杠,21
恭,21
姜,21
粗,21
昊,21
伽,21
趟,21
蹲,21
蝉,21
熬,21
俘,21
溜,21
潍,21
萝,21
奴,21
镑,20
罐,20
刊,20
莹,20
宪,20
抬,20
胀,20
琼,20
契,20
贬,20
魄,20
彦,20
奚,20
劝,20
捉,20
楠,20
瘾,20
浑,20
斌,20
邹,20
冉,20
茜,20
祠,20
咒,20
戳,20
灌,20
塌,20
麒,20
诵,20
颁,20
凸,19
郊,19
崖,19
屿,19
壹,19
丐,19
溢,19
齿,19
腻,19
贩,19
桶,19
翅,19
暮,19
肺,19
哨,19
瀑,19
盼,19
履,19
抚,19
匪,19
朔,19
槐,19
谨,19
邪,19
滋,19
歇,19
卜,19
椒,19
橘,19
诈,19
呵,19
践,19
赣,19
吁,19
兆,19
炎,19
寡,19
酱,19
舱,19
慰,19
斜,19
擎,19
廖,18
贯,18
闫,18
寅,18
怂,18
藤,18
侈,18
阜,18
嚣,18
贪,18
劣,18
樊,18
茫,18
栖,18
_,18
婿,18
沾,18
俯,18
枣,18
弘,18
砂,18
乞,18
耽,18
醋,18
惕,18
沦,18
糟,18
菊,18
沧,18
梗,18
渊,18
囧,18
禽,18
邢,18
乙,18
窟,18
凹,17
勾,17
帐,17
闷,17
裕,17
苑,17
禧,17
缝,17
碍,17
罢,17
蟹,17
巷,17
肾,17
疲,17
谐,17
莓,17
渤,17
吵,17
疫,17
乖,17
甯,17
痕,17
】,17
奸,17
斑,17
涵,17
悼,17
霜,17
妍,17
鄂,17
|,17
奕,17
靴,17
铝,17
～,17
拾,17
蔚,17
痪,17
妞,17
哀,16
蒲,16
鞍,16
毙,16
肿,16
靳,16
诊,16
桩,16
汀,16
萧,16
谦,16
姬,16
痴,16
颂,16
​,16
陌,16
鹊,16
襄,16
韶,16
厢,16
掏,16
蜘,16
蛛,16
漆,16
泣,16
禾,16
铸,16
庚,16
弈,16
怜,16
膨,16
邂,16
逅,16
鲸,16
陨,16
壤,16
窒,16
伸,16
湛,16
鑫,16
喂,16
螺,16
娅,16
澄,16
俪,16
坪,16
颈,16
厄,15
葫,15
罩,15
掐,15
蓬,15
绳,15
咨,15
蜕,15
晴,15
粪,15
脖,15
筝,15
扯,15
谎,15
垄,15
昭,15
菌,15
浆,15
侨,15
鞭,15
瞧,15
婉,15
榆,15
肝,15
硅,15
搏,15
岚,15
彼,15
冕,15
 ,15
昏,15
蜡,15
逍,15
睿,15
盯,15
巩,15
衷,15
督,15
焕,14
浏,14
耘,14
肇,14
栈,14
柄,14
枫,14
浇,14
仲,14
淇,14
槛,14
卦,14
颤,14
咘,14
酵,14
菏,14
焰,14
巾,14
胃,14
【,14
泸,14
黔,14
邑,14
俏,14
鳌,14
狄,14
趴,14
畏,14
哑,14
腔,14
喻,14
芭,14
肢,14
淫,14
菇,14
窄,14
衫,14
佣,14
雁,14
寞,13
阎,13
旱,13
弓,13
诡,13
斋,13
氓,13
庐,13
冈,13
裴,13
猕,13
媲,13
肠,13
愚,13
伐,13
饶,13
膀,13
锈,13
煮,13
壕,13
肆,13
惩,13
赎,13
魁,13
沁,13
菩,13
姥,13
渴,13
墟,13
呐,13
撸,13
鳄,13
袜,13
铂,13
蔽,13
涡,13
叠,13
哇,13
窃,13
闽,13
篷,13
膛,13
皓,13
殿,13
汕,13
绮,13
蕴,13
衬,13
凳,13
锻,13
拨,13
儒,13
*,13
愣,13
仕,13
殴,12
甫,12
谅,12
朽,12
孵,12
熄,12
揍,12
贞,12
噩,12
袍,12
擒,12
畜,12
俞,12
璇,12
阪,12
氛,12
蠢,12
寥,12
桐,12
驳,12
侄,12
矶,12
顽,12
巫,12
枕,12
鹄,12
氧,12
贱,12
峨,12
炳,12
沽,12
鸽,12
钩,12
漳,12
堰,12
挪,12
│,12
馈,12
畔,12
斧,12
哄,12
隧,12
抠,12
瓣,12
冥,12
捂,12
瞩,12
诠,12
蝴,12
嵩,12
禅,12
珂,12
滤,12
窑,12
筒,11
刃,11
讳,11
蚕,11
邱,11
倪,11
邯,11
噪,11
奠,11
哼,11
靡,11
攒,11
琉,11
衅,11
°,11
挨,11
啤,11
霄,11
瞰,11
尧,11
侍,11
琅,11
钜,11
侮,11
澡,11
琍,11
碟,11
曦,11
唇,11
殷,11
涩,11
殃,11
貂,11
笼,11
芙,11
狸,11
膝,11
迦,11
钮,11
歪,11
碌,11
兜,11
堤,11
絮,11
薯,11
氪,11
帧,11
殇,11
栗,11
芜,11
睹,11
辜,11
脊,11
咪,11
晃,11
萱,11
磷,11
陇,11
腕,11
滕,11
丫,10
枉,10
葚,10
溺,10
拎,10
芃,10
葵,10
兮,10
笨,10
荆,10
彬,10
绞,10
憋,10
掠,10
遛,10
拘,10
崎,10
陀,10
爪,10
柑,10
粒,10
屎,10
―,10
梓,10
淳,10
苟,10
冀,10
弥,10
佐,10
溥,10
诫,10
嘘,10
绰,10
淋,10
绯,10
舅,10
峥,10
喀,10
淹,10
岂,10
榕,10
皖,10
呱,10
猝,10
梵,10
咽,10
饥,10
乏,10
啸,10
撬,10
尹,10
饽,10
埠,10
酝,10
柿,10
骤,10
穴,10
玥,10
咯,10
腥,10
觅,10
妄,10
昱,10
浸,10
殡,10
佟,10
媚,10
宛,10
熔,9
硝,9
刁,9
屯,9
棠,9
燥,9
祈,9
阚,9
叒,9
郸,9
髓,9
孚,9
穗,9
奎,9
谴,9
剖,9
愉,9
蹄,9
颇,9
焊,9
淑,9
驼,9
珅,9
邵,9
帷,9
咏,9
蚀,9
遁,9
蔷,9
蔓,9
嗯,9
粕,9
隶,9
瘤,9
殉,9
嘎,9
劈,9
脆,9
寇,9
屹,9
郜,9
烫,9
吼,9
讼,9
祁,9
煎,9
匿,9
郴,9
泵,9
耿,9
汾,9
茵,9
秧,9
啪,9
稍,9
渗,9
潼,9
锄,9
隼,9
磕,9
铀,9
陋,9
聂,9
驿,9
椰,9
蚌,9
鲲,9
缤,9
茄,9
辍,9
剃,8
绚,8
缔,8
篆,8
猿,8
纤,8
秩,8
腺,8
躁,8
峻,8
濮,8
翘,8
淀,8
铅,8
阀,8
屌,8
卵,8
恰,8
溯,8
豁,8
宵,8
纬,8
莘,8
郝,8
恙,8
笙,8
徘,8
徊,8
髦,8
讶,8
钙,8
遂,8
驹,8
戟,8
凄,8
屑,8
烯,8
岐,8
筛,8
拱,8
佑,8
籁,8
矮,8
嘿,8
矢,8
敞,8
郡,8
馒,8
犀,8
洽,8
恍,8
擅,8
芍,8
峪,8
扁,8
诛,8
敖,8
帘,8
喧,8
勉,8
粘,8
饵,8
癖,8
纺,8
剥,8
砚,8
嘀,8
濛,8
榨,8
桓,8
炜,8
舔,8
焚,8
遣,8
抉,8
睁,7
晤,7
慑,7
孽,7
脾,7
睢,7
汹,7
叕,7
粥,7
鲍,7
戬,7
嘱,7
梧,7
亳,7
$,7
眶,7
蹦,7
忻,7
[,7
丛,7
钗,7
笛,7
龚,7
锏,7
堕,7
噬,7
琊,7
匆,7
铲,7
鄙,7
揪,7
扳,7
漓,7
旨,7
灶,7
彪,7
祎,7
藻,7
卑,7
馍,7
缆,7
搂,7
拇,7
舵,7
怠,7
伺,7
聆,7
汁,7
砺,7
拂,7
叮,7
闸,7
倩,7
匈,7
谛,7
镀,7
慨,7
磋,7
脂,7
渝,7
惬,7
媛,7
羹,7
吾,7
穹,7
躬,7
钛,7
‖,7
惭,7
绊,7
迭,7
棕,7
鹃,7
鞠,7
牟,7
枭,7
莆,7
戎,7
颐,7
鸥,7
雏,7
佼,7
蜀,7
皂,7
瞒,7
蕉,7
浣,7
捍,7
檀,7
俐,7
猗,7
玖,7
卉,7
讪,6
嘟,6
喇,6
窘,6
汝,6
撰,6
蝠,6
沐,6
碱,6
呦,6
觑,6
瞪,6
丙,6
茬,6
拢,6
钵,6
矫,6
瀚,6
啃,6
恳,6
寰,6
娲,6
滇,6
槃,6
镰,6
垦,6
缇,6
嗣,6
馅,6
笋,6
娥,6
悚,6
挫,6
亨,6
疤,6
莽,6
窖,6
桔,6
挚,6
翩,6
橄,6
榄,6
绷,6
泼,6
鲤,6
娄,6
勺,6
飒,6
辖,6
蕊,6
衍,6
潸,6
匀,6
钊,6
铠,6
桨,6
圭,6
滁,6
翡,6
箍,6
疙,6
瘩,6
掰,6
婕,6
烘,6
嵌,6
竖,6
唏,6
锯,6
啼,6
淅,6
懈,6
<,6
>,6
衢,6
秸,6
秆,6
唢,6
缭,6
髅,6
琢,6
珑,6
诽,6
谤,6
晰,6
孰,6
薹,6
糯,6
眯,6
旷,6
－,6
藕,6
坯,6
酋,6
昙,6
俭,6
寝,6
铵,6
楞,6
茗,6
胧,6
羿,6
虏,6
吒,6
鳗,6
捏,6
骋,6
猩,5
匕,5
颅,5
銮,5
幺,5
叱,5
咤,5
蝙,5
跆,5
阆,5
仆,5
漱,5
皙,5
璋,5
甥,5
妾,5
睫,5
瘠,5
妒,5
忒,5
憨,5
醇,5
掺,5
槟,5
掷,5
骆,5
],5
蜗,5
籽,5
憔,5
悴,5
歆,5
迄,5
嗜,5
毂,5
捣,5
剁,5
杞,5
羌,5
瞥,5
惋,5
哟,5
荫,5
赦,5
粑,5
孜,5
裹,5
拙,5
泾,5
弩,5
螃,5
遏,5
笈,5
筐,5
撇,5
蝇,5
拽,5
篱,5
褚,5
逵,5
炬,5
蛤,5
栓,5
隙,5
扼,5
雌,5
咚,5
鹦,5
鹉,5
︱,5
×,5
蘑,5
钾,5
墩,5
莅,5
鳞,5
垣,5
禄,5
辫,5
秉,5
眸,5
臀,5
犇,5
缉,5
稽,5
呛,5
恤,5
莺,5
唾,5
骷,5
冶,5
懿,5
腑,5
窦,5
惟,5
敷,5
斛,5
霓,5
皋,5
肋,5
喽,5
砌,5
芷,5
筷,5
涕,5
痘,5
隽,5
蝎,5
傍,5
湄,5
曙,5
機,5
昧,5
蛟,5
阮,5
惚,5
氨,5
炽,5
诅,5
儋,5
绅,5
跻,5
剔,5
惮,5
梢,5
犁,5
坷,5
浊,5
玮,5
朦,5
榈,5
灸,5
砥,5
荥,5
唠,5
梳,5
麓,5
漯,5
僚,5
掖,5
鬟,4
樵,4
罄,4
凋,4
匣,4
樟,4
褒,4
轲,4
竣,4
邬,4
廓,4
嫉,4
咳,4
嗷,4
烛,4
娟,4
惫,4
渲,4
侬,4
柠,4
缕,4
妲,4
遴,4
厮,4
剿,4
焉,4
洙,4
枸,4
寮,4
佤,4
汛,4
恪,4
霰,4
钝,4
庵,4
轶,4
搓,4
峙,4
祀,4
寐,4
菠,4
栅,4
缮,4
傀,4
儡,4
笠,4
礁,4
濒,4
萎,4
瑕,4
赘,4
叼,4
芋,4
芊,4
谧,4
眺,4
煲,4
苔,4
淆,4
俑,4
柚,4
梭,4
陂,4
渺,4
蹊,4
钴,4
蹋,4
馋,4
憩,4
翟,4
曰,4
酥,4
燎,4
盏,4
柞,4
攘,4
镯,4
慷,4
璀,4
璨,4
岱,4
摁,4
炖,4
＂,4
沥,4
哽,4
灞,4
沭,4
漾,4
ー,4
仨,4
喉,4
幢,4
瞠,4
氟,4
楹,4
啧,4
嗡,4
蔑,4
劾,4
疮,4
沛,4
镶,4
酪,4
闵,4
跷,4
箕,4
擂,4
臻,4
瓢,4
鳝,4
捎,4
芈,4
辙,4
馗,4
熠,4
帜,4
祟,4
涎,4
圩,4
嗓,4
膺,4
樾,4
卤,4
豚,4
箫,4
抒,4
哉,4
敛,4
晾,4
淌,4
婺,4
铆,4
抨,4
粱,4
脐,4
傣,4
硒,4
鹭,4
俺,4
─,4
胤,4
呕,4
狭,4
瞌,4
嗒,4
盎,4
惦,4
谔,4
瑾,4
簿,4
妨,4
拷,4
粽,4
搁,4
铛,4
啄,4
岔,4
侏,4
虞,4
蠕,4
舶,4
稚,4
嘻,4
橡,4
秃,4
崽,4
枢,4
鳕,4
裳,4
燊,3
蛾,3
叭,3
涓,3
崴,3
琛,3
婪,3
佰,3
飓,3
澧,3
惇,3
瘟,3
婶,3
祛,3
嚎,3
溶,3
喘,3
簇,3
硫,3
懊,3
韧,3
暧,3
咧,3
飚,3
萤,3
蛰,3
搡,3
￥,3
蛀,3
腱,3
噜,3
镍,3
歹,3
沅,3
涝,3
绛,3
戊,3
戌,3
蟆,3
嘚,3
晏,3
苇,3
洼,3
笃,3
坂,3
–,3
缨,3
烨,3
谚,3
薅,3
郫,3
扈,3
陉,3
焙,3
碉,3
刨,3
斐,3
阡,3
囤,3
骇,3
痞,3
煜,3
锥,3
徕,3
浐,3
辐,3
瑛,3
癫,3
踮,3
晁,3
昵,3
矣,3
钰,3
→,3
痔,3
邸,3
嬉,3
亟,3
恣,3
拧,3
颍,3
棣,3
遐,3
倡,3
馥,3
颓,3
膏,3
℃,3
逞,3
枞,3
芹,3
蒿,3
昼,3
皈,3
珩,3
跤,3
挝,3
涧,3
荧,3
雲,3
饺,3
濠,3
萦,3
娴,3
叽,3
筠,3
缚,3
睬,3
沣,3
怯,3
遨,3
袄,3
岷,3
羲,3
沮,3
場,3
咔,3
嚓,3
箴,3
巍,3
夭,3
揣,3
姹,3
炙,3
腆,3
筱,3
嘤,3
哎,3
诣,3
邡,3
侗,3
峄,3
骸,3
秽,3
惶,3
铢,3
喱,3
妩,3
猷,3
綦,3
绒,3
恬,3
宸,3
橇,3
嫦,3
婧,3
黯,3
袱,3
嗑,3
邛,3
蛊,3
璧,3
畸,3
荟,3
顷,3
揉,3
禹,3
電,3
％,3
陡,3
筵,3
滦,3
锣,3
姣,3
窥,3
涸,3
萃,3
酯,2
咣,2
魃,2
毋,2
聋,2
邕,2
犊,2
━,2
缀,2
哺,2
伫,2
煅,2
咄,2
肛,2
勘,2
钳,2
轧,2
淬,2
诬,2
@,2
峦,2
犸,2
狩,2
珐,2
妓,2
桉,2
凛,2
诋,2
嗽,2
浠,2
袅,2
鄱,2
盹,2
帼,2
吏,2
鄭,2
過,2
灏,2
噎,2
纣,2
衮,2
Ｇ,2
竿,2
斓,2
邃,2
⋯,2
襟,2
弢,2
嵘,2
鹘,2
屉,2
嬴,2
俅,2
魇,2
巽,2
覃,2
踵,2
挟,2
與,2
動,2
薰,2
鼋,2
馏,2
妳,2
臊,2
尉,2
雉,2
蚯,2
蚓,2
宥,2
哮,2
岖,2
氤,2
氲,2
缪,2
笞,2
蹬,2
叩,2
砧,2
滔,2
袒,2
讧,2
腌,2
Ⅵ,2
匾,2
踹,2
喆,2
蹶,2
芪,2
荤,2
頫,2
辄,2
秤,2
舛,2
・,2
稼,2
墒,2
蝗,2
躯,2
榫,2
卯,2
拗,2
蚝,2
戮,2
瘀,2
箔,2
咕,2
溧,2
坭,2
渚,2
皱,2
骅,2
逮,2
敕,2
庇,2
牒,2
瑚,2
芮,2
倘,2
②,2
芥,2
掳,2
鹇,2
煊,2
宕,2
藩,2
涤,2
琯,2
舷,2
夯,2
麸,2
坨,2
洵,2
迀,2
冽,2
暇,2
茉,2
墉,2
奄,2
诟,2
卒,2
瘸,2
咫,2
阖,2
霁,2
烁,2
氙,2
竭,2
蕙,2
痒,2
噌,2
來,2
別,2
瓮,2
③,2
铿,2
锵,2
荼,2
陟,2
晦,2
僻,2
匡,2
榭,2
兖,2
镐,2
鹮,2
莒,2
れ,2
の,2
拈,2
谯,2
岙,2
狈,2
驯,2
癜,2
簸,2
盱,2
眙,2
腮,2
捅,2
鲅,2
蚱,2
犍,2
姊,2
扦,2
氦,2
谬,2
郅,2
氯,2
棱,2
腼,2
蜊,2
扉,2
踌,2
躇,2
瑄,2
凿,2
贲,2
绡,2
黏,2
骐,2
赊,2
彷,2
徨,2
骡,2
慜,2
禛,2
陛,2
娓,2
涞,2
嬗,2
鲫,2
抿,2
晟,2
驭,2
瀛,2
胥,2
懦,2
汴,2
峭,2
妊,2
娠,2
鹜,2
膳,2
＋,2
荀,2
収,2
焱,2
琏,2
嬷,2
瑙,2
栩,2
娑,2
糜,2
鸵,2
國,2
蛎,2
炊,2
榧,2
赓,2
眨,2
邺,2
琥,2
禀,2
氮,2
喵,2
漩,2
簪,2
嫔,2
橱,2
洮,2
暹,2
锒,2
焖,2
鹧,2
鸪,2
褪,2
衩,2
鳑,2
鲏,2
慵,2
胚,2
棘,2
潞,2
鸳,2
鸯,2
伎,2
驮,2
珀,2
鹌,2
鹑,2
乍,2
叵,2
炕,2
榔,2
迢,2
讥,2
;,2
烬,2
踊,2
郯,2
唬,2
挠,2
膘,2
吱,2
锰,2
崐,2
崘,2
碁,2
潦,2
１,2
倭,2
鲇,2
彝,2
艏,2
鬃,2
咲,2
痊,2
釜,2
捆,2
朐,2
匮,2
嫖,2
拭,2
亵,2
椿,2
撵,2
廿,2
憧,2
憬,2
戡,2
苛,2
铮,2
砀,2
噱,2
猥,2
墾,2
捺,2
赃,2
漪,2
耸,2
║,2
锚,2
惺,2
耙,2
铡,2
惰,2
苓,2
旌,2
隋,2
桦,2
鞑,2
靼,2
绥,2
鳅,2
茸,2
兢,2
崮,2
稣,2
髻,2
桢,2
汐,2
葆,2
糙,2
烹,2
骼,2
阐,2
湉,2
焗,2
胯,2
羋,2
藜,2
炯,2
荚,2
沆,2
瀣,2
蜈,2
蚣,2
²,2
叁,2
呜,2
荨,1
徙,1
挲,1
眷,1
拚,1
蔵,1
聖,1
義,1
乜,1
Ⅱ,1
荞,1
饸,1
饹,1
蹿,1
迸,1
坳,1
湮,1
颉,1
昀,1
盂,1
瞿,1
诙,1
筚,1
濡,1
峮,1
鸠,1
驽,1
溆,1
锃,1
啕,1
麾,1
奂,1
郧,1
璞,1
篾,1
舸,1
揿,1
蜻,1
蜓,1
蝼,1
跛,1
莴,1
長,1
訪,1
這,1
見,1
猖,1
獗,1
骧,1
菅,1
阂,1
鄢,1
锌,1
枷,1
疵,1
腋,1
蓟,1
坻,1
烩,1
盤,1
銀,1
佈,1
聯,1
繼,1
續,1
亞,1
區,1
擴,1
張,1
煞,1
讷,1
↓,1
蟒,1
吠,1
澎,1
湃,1
橹,1
徜,1
徉,1
烎,1
÷,1
鞱,1
蜚,1
尻,1
孪,1
剽,1
黜,1
淞,1
蕲,1
嫪,1
毐,1
谙,1
賭,1
乛,1
卟,1
碚,1
瞭,1
镔,1
偈,1
埗,1
洇,1
磐,1
瓴,1
纨,1
绔,1
溉,1
绶,1
徂,1
嬲,1
濞,1
ん,1
ぼ,1
ア,1
ト,1
镭,1
蜿,1
蜒,1
瞅,1
愛,1
晌,1
嚷,1
碜,1
譬,1
祉,1
蔻,1
倔,1
酉,1
箩,1
痤,1
蚤,1
洸,1
冚,1
禺,1
怔,1
岑,1
靰,1
鞡,1
淼,1
孑,1
叟,1
沒,1
塾,1
窿,1
夙,1
砟,1
蚺,1
迩,1
姝,1
莼,1
竑,1
镂,1
垴,1
潟,1
蚶,1
阋,1
宓,1
饕,1
餮,1
厝,1
铖,1
邾,1
蛴,1
螬,1
粲,1
刎,1
祼,1
嚼,1
讹,1
濑,1
\,1
忾,1
篝,1
焐,1
甬,1
颦,1
剐,1
淝,1
塊,1
錢,1
換,1
級,1
會,1
總,1
吮,1
痈,1
舐,1
∞,1
螨,1
鸢,1
酣,1
趾,1
泻,1
趺,1
蓥,1
孺,1
酶,1
玹,1
跬,1
毡,1
毓,1
胳,1
膊,1
頭,1
塬,1
«,1
»,1
醺,1
埵,1
羁,1
ス,1
ズ,1
キ,1
は,1
に,1
る,1
か,1
モ,1
タ,1
シ,1
ョ,1
で,1
も,1
さ,1
た,1
蹠,1
戾,1
茹,1
沼,1
弼,1
嘬,1
蓦,1
劵,1
蛸,1
舀,1
颡,1
驸,1
拌,1
㕛,1
镕,1
眩,1
泔,1
婢,1
醴,1
幄,1
虻,1
爻,1
圻,1
恃,1
①,1
帔,1
ò,1
彧,1
秭,1
喏,1
赈,1
愕,1
矇,1
贿,1
赂,1
骓,1
鲶,1
阊,1
邨,1
泯,1
篑,1
哏,1
鼹,1
糍,1
琚,1
霭,1
螳,1
螂,1
膑,1
秣,1
燿,1
圏,1
隍,1
卣,1
•,1
呷,1
跩,1
垠,1
鱿,1
岡,1
亜,1
翱,1
芩,1
锨,1
轟,1
臃,1
犟,1
札,1
惆,1
怅,1
碓,1
粳,1
霑,1
鸷,1
攸,1
倦,1
呻,1
楂,1
铰,1
撂,1
辊,1
畲,1
靥,1
陽,1
麽,1
娼,1
渥,1
伉,1
旮,1
旯,1
蔼,1
尋,1
產,1
旖,1
旎,1
孢,1
蜥,1
臼,1
胺,1
茯,1
瓯,1
栊,1
亥,1
噙,1
觊,1
觎,1
歀,1
祷,1
踟,1
蹰,1
胄,1
岢,1
昇,1
鲱,1
蝈,1
恿,1
脓,1
甭,1
喔,1
歙,1
釉,1
妤,1
潔,1
霹,1
雳,1
槌,1
涠,1
嵬,1
锢,1
獅,1
鬓,1
篦,1
９,1
０,1
⎪,1
蹴,1
韪,1
攥,1
颔,1
茎,1
罂,1
粟,1
鲛,1
黍,1
玟,1
﻿,1
蒌,1
崆,1
峒,1
脍,1
瘪,1
泓,1
铍,1
郄,1
痫,1
／,1
氰,1
嗅,1
榻,1
堑,1
佝,1
偻,1
遒,1
髑,1
娣,1
荪,1
椭,1
泌,1
琨,1
镫,1
遺,1
禵,1
嚏,1
醍,1
醐,1
亓,1
咆,1
狡,1
猾,1
朕,1
茑,1
铎,1
汲,1
喋,1
殁,1
煽,1
Ｃ,1
Ａ,1
鄠,1
崃,1
羚,1
亊,1
鳐,1
罡,1
荸,1
荠,1
蚵,1
苞,1
埇,1
笫,1
痧,1
糠,1
瞆,1
泗,1
偎,1
撅,1
萢,1
锹,1
為,1
麼,1
無,1
慮,1
稠,1
忏,1
弧,1
╮,1
╯,1
╰,1
╭,1
芸,1
趵,1
瘴,1
à,1
僖,1
鸮,1
咥,1
熏,1
孖,1
肴,1
茧,1
霾,1
渎,1
翀,1
谒,1
邳,1
邗,1
蒡,1
蜢,1
虔,1
霎,1
苋,1
珏,1
笺,1
铄,1
á,1
稔,1
擘,1
伶,1
帏,1
柒,1
癞,1
傈,1
僳,1
篡,1
珺,1
芗,1
钨,1
锷,1
掸,1
嘶,1
鸫,1
拄,1
盅,1
華,1
峤,1
捨,1
栌,1
偌,1
曳,1
隘,1
睦,1
涪,1
纭,1
擞,1
淖,1
琐,1
嗬,1
邙,1
尙,1
請,1
問,1
灣,1
個,1
離,1
較,1
嗎,1
歩,1
奘,1
珮,1
疡,1
溏,1
湧,1
坼,1
楫,1
涟,1
诩,1
皎,1
抡,1
蟠,1
嬅,1
筲,1
跹,1
覻,1
泠,1
葺,1
檔,1
诏,1
砒,1
蔗,1
熹,1
跋,1
灼,1
茏,1
痣,1
郏,1
勐,1
唧,1
躔,1
棰,1
弑,1
賽,1
鎏,1
❤,1
杖,1
簧,1
蓁,1
腩,1
羯,1
镳,1
肘,1
铤,1
鞅,1
碣,1
圃,1
柘,1
拣,1
吆,1
⒁,1
妯,1
娌,1
絲,1
婀,1
搀,1
溅,1
乩,1
讴,1
嗦,1
坍,1
鏖,1
ü,1
袂,1
矜,1
桎,1
梏,1
洺,1
殚,1
尓,1
娩,1
椹,1
邋,1
遢,1
壑,1
婼,1
谪,1
π,1
吝,1
啬,1
饪,1
郦,1
茱,1
磺,1
佘,1
垭,1
瓤,1
幔,1
隰,1
窜,1
涑,1
刍,1
痰,1
悸,1
濉,1
吭,1
酗,1
³,1
轼,1
镌,1
匝,1
骊,1
è,1
咀,1
溟,1
葳,1
蕤,1
貸,1
崂,1
裆,1
佚,1
掣,1
珞,1
鲷,1
ú,1
疚,1
榘,1
袈,1
裟,1
垢,1
龅,1
彿,1
禪,1
踝,1
喰,1
圖,1
構,1
稞,1
搐,1
沌,1
倮,1
殆,1
蔫,1
錤,1
碶,1
３,1
踞,1
浔,1
〡,1
仡,1
唑,1
檐,1
畊,1
仝,1
谥,1
沱,1
牦,1
贻,1
椎,1
龍,1
糗,1
刽,1
锭,1
捶,1
偕,1
挎,1
缰,1
≈,1
鹳,1
叨,1
嫡,1
鲵,1
√,1
